{
    "camera": {
        "fieldOfView": 22.27373589884055,
        "from": [
            -20.746532440185547,
            -14.812158584594727,
            8.6497220993042
        ],
        "to": [
            -19.967782974243164,
            -14.207986831665039,
            8.480823516845703
        ],
        "up": [
            0.13343386352062225,
            0.10354820638895035,
            0.985633373260498
        ]
    },
    "output": {
        "resolution": [
            1920,
            1080
        ]
    },
    "surface": [
        "myscene.obj"
    ],
    "directionalLights": [
        {
            "direction": [
                0.017153121531009674,
                0.4549354314804077,
                0.8903592228889465
            ],
            "radiance": [
                2.9331672191619873,
                0.27457794547080994,
                4.351649761199951
            ]
        }
    ],
    "pointLights": [
        {
            "location": [
                -4.31221342086792,
                -62.2100944519043,
                49.32107925415039
            ],
            "radiance": [
                63661.97723675814,
                63661.97723675814,
                63661.97723675814
            ]
        }
    ]
}